[
  {
    "name": "United States",
    "phone_code": "+1",
    "code": "US",
    "flag": "https://flagcdn.com/us.svg"
  },
  {
    "name": "Afghanistan",
    "phone_code": "+93",
    "code": "AF",
    "flag": "https://flagcdn.com/af.svg"
  },
  {
    "name": "Aland Islands",
    "phone_code": "+358",
    "code": "AX",
    "flag": "https://flagcdn.com/ax.svg"
  },
  {
    "name": "Albania",
    "phone_code": "+355",
    "code": "AL",
    "flag": "https://flagcdn.com/al.svg"
  },
  {
    "name": "Algeria",
    "phone_code": "+213",
    "code": "DZ",
    "flag": "https://flagcdn.com/dz.svg"
  },
  {
    "name": "American Samoa",
    "phone_code": "+1684",
    "code": "AS",
    "flag": "https://flagcdn.com/as.svg"
  },
  {
    "name": "Andorra",
    "phone_code": "+376",
    "code": "AD",
    "flag": "https://flagcdn.com/ad.svg"
  },
  {
    "name": "Angola",
    "phone_code": "+244",
    "code": "AO",
    "flag": "https://flagcdn.com/ao.svg"
  },
  {
    "name": "Anguilla",
    "phone_code": "+1264",
    "code": "AI",
    "flag": "https://flagcdn.com/ai.svg"
  },
  {
    "name": "Antarctica",
    "phone_code": "+672",
    "code": "AQ",
    "flag": "https://flagcdn.com/aq.svg"
  },
  {
    "name": "Antigua and Barbuda",
    "phone_code": "+1268",
    "code": "AG",
    "flag": "https://flagcdn.com/ag.svg"
  },
  {
    "name": "Argentina",
    "phone_code": "+54",
    "code": "AR",
    "flag": "https://flagcdn.com/ar.svg"
  },
  {
    "name": "Armenia",
    "phone_code": "+374",
    "code": "AM",
    "flag": "https://flagcdn.com/am.svg"
  },
  {
    "name": "Aruba",
    "phone_code": "+297",
    "code": "AW",
    "flag": "https://flagcdn.com/aw.svg"
  },
  {
    "name": "Australia",
    "phone_code": "+61",
    "code": "AU",
    "flag": "https://flagcdn.com/au.svg"
  },
  {
    "name": "Austria",
    "phone_code": "+43",
    "code": "AT",
    "flag": "https://flagcdn.com/at.svg"
  },
  {
    "name": "Azerbaijan",
    "phone_code": "+994",
    "code": "AZ",
    "flag": "https://flagcdn.com/az.svg"
  },
  {
    "name": "Bahamas",
    "phone_code": "+1242",
    "code": "BS",
    "flag": "https://flagcdn.com/bs.svg"
  },
  {
    "name": "Bahrain",
    "phone_code": "+973",
    "code": "BH",
    "flag": "https://flagcdn.com/bh.svg"
  },
  {
    "name": "Bangladesh",
    "phone_code": "+880",
    "code": "BD",
    "flag": "https://flagcdn.com/bd.svg"
  },
  {
    "name": "Barbados",
    "phone_code": "+1246",
    "code": "BB",
    "flag": "https://flagcdn.com/bb.svg"
  },
  {
    "name": "Belarus",
    "phone_code": "+375",
    "code": "BY",
    "flag": "https://flagcdn.com/by.svg"
  },
  {
    "name": "Belgium",
    "phone_code": "+32",
    "code": "BE",
    "flag": "https://flagcdn.com/be.svg"
  },
  {
    "name": "Belize",
    "phone_code": "+501",
    "code": "BZ",
    "flag": "https://flagcdn.com/bz.svg"
  },
  {
    "name": "Benin",
    "phone_code": "+229",
    "code": "BJ",
    "flag": "https://flagcdn.com/bj.svg"
  },
  {
    "name": "Bermuda",
    "phone_code": "+1441",
    "code": "BM",
    "flag": "https://flagcdn.com/bm.svg"
  },
  {
    "name": "Bhutan",
    "phone_code": "+975",
    "code": "BT",
    "flag": "https://flagcdn.com/bt.svg"
  },
  {
    "name": "Bolivia",
    "phone_code": "+591",
    "code": "BO",
    "flag": "https://flagcdn.com/bo.svg"
  },
  {
    "name": "Bosnia and Herzegovina",
    "phone_code": "+387",
    "code": "BA",
    "flag": "https://flagcdn.com/ba.svg"
  },
  {
    "name": "Botswana",
    "phone_code": "+267",
    "code": "BW",
    "flag": "https://flagcdn.com/bw.svg"
  },
  {
    "name": "Brazil",
    "phone_code": "+55",
    "code": "BR",
    "flag": "https://flagcdn.com/br.svg"
  },
  {
    "name": "Brunei",
    "phone_code": "+673",
    "code": "BN",
    "flag": "https://flagcdn.com/bn.svg"
  },
  {
    "name": "Bulgaria",
    "phone_code": "+359",
    "code": "BG",
    "flag": "https://flagcdn.com/bg.svg"
  },
  {
    "name": "Burkina Faso",
    "phone_code": "+226",
    "code": "BF",
    "flag": "https://flagcdn.com/bf.svg"
  },
  {
    "name": "Burundi",
    "phone_code": "+257",
    "code": "BI",
    "flag": "https://flagcdn.com/bi.svg"
  },
  {
    "name": "Cambodia",
    "phone_code": "+855",
    "code": "KH",
    "flag": "https://flagcdn.com/kh.svg"
  },
  {
    "name": "Cameroon",
    "phone_code": "+237",
    "code": "CM",
    "flag": "https://flagcdn.com/cm.svg"
  },
  {
    "name": "Canada",
    "phone_code": "+1",
    "code": "CA",
    "flag": "https://flagcdn.com/ca.svg"
  },
  {
    "name": "Cape Verde",
    "phone_code": "+238",
    "code": "CV",
    "flag": "https://flagcdn.com/cv.svg"
  },
  {
    "name": "Central African Republic",
    "phone_code": "+236",
    "code": "CF",
    "flag": "https://flagcdn.com/cf.svg"
  },
  {
    "name": "Chad",
    "phone_code": "+235",
    "code": "TD",
    "flag": "https://flagcdn.com/td.svg"
  },
  {
    "name": "Chile",
    "phone_code": "+56",
    "code": "CL",
    "flag": "https://flagcdn.com/cl.svg"
  },
  {
    "name": "China",
    "phone_code": "+86",
    "code": "CN",
    "flag": "https://flagcdn.com/cn.svg"
  },
  {
    "name": "Colombia",
    "phone_code": "+57",
    "code": "CO",
    "flag": "https://flagcdn.com/co.svg"
  },
  {
    "name": "Comoros",
    "phone_code": "+269",
    "code": "KM",
    "flag": "https://flagcdn.com/km.svg"
  },
  {
    "name": "Congo (Brazzaville)",
    "phone_code": "+242",
    "code": "CG",
    "flag": "https://flagcdn.com/cg.svg"
  },
  {
    "name": "Congo (Kinshasa)",
    "phone_code": "+243",
    "code": "CD",
    "flag": "https://flagcdn.com/cd.svg"
  },
  {
    "name": "Costa Rica",
    "phone_code": "+506",
    "code": "CR",
    "flag": "https://flagcdn.com/cr.svg"
  },
  {
    "name": "Croatia",
    "phone_code": "+385",
    "code": "HR",
    "flag": "https://flagcdn.com/hr.svg"
  },
  {
    "name": "Cuba",
    "phone_code": "+53",
    "code": "CU",
    "flag": "https://flagcdn.com/cu.svg"
  },
  {
    "name": "Cyprus",
    "phone_code": "+357",
    "code": "CY",
    "flag": "https://flagcdn.com/cy.svg"
  },
  {
    "name": "Czech Republic",
    "phone_code": "+420",
    "code": "CZ",
    "flag": "https://flagcdn.com/cz.svg"
  },
  {
    "name": "Denmark",
    "phone_code": "+45",
    "code": "DK",
    "flag": "https://flagcdn.com/dk.svg"
  },
  {
    "name": "Djibouti",
    "phone_code": "+253",
    "code": "DJ",
    "flag": "https://flagcdn.com/dj.svg"
  },
  {
    "name": "Dominica",
    "phone_code": "+1-767",
    "code": "DM",
    "flag": "https://flagcdn.com/dm.svg"
  },
  {
    "name": "Dominican Republic",
    "phone_code": "+1-809",
    "code": "DO",
    "flag": "https://flagcdn.com/do.svg"
  },
  {
    "name": "Dominican Republic",
    "phone_code": "+1-829",
    "code": "DO",
    "flag": "https://flagcdn.com/do.svg"
  },
  {
    "name": "Dominican Republic",
    "phone_code": "+1-849",
    "code": "DO",
    "flag": "https://flagcdn.com/do.svg"
  },
  {
    "name": "East Timor",
    "phone_code": "+670",
    "code": "TL",
    "flag": "https://flagcdn.com/tl.svg"
  },
  {
    "name": "Ecuador",
    "phone_code": "+593",
    "code": "EC",
    "flag": "https://flagcdn.com/ec.svg"
  },
  {
    "name": "Egypt",
    "phone_code": "+20",
    "code": "EG",
    "flag": "https://flagcdn.com/eg.svg"
  },
  {
    "name": "El Salvador",
    "phone_code": "+503",
    "code": "SV",
    "flag": "https://flagcdn.com/sv.svg"
  },
  {
    "name": "Equatorial Guinea",
    "phone_code": "+240",
    "code": "GQ",
    "flag": "https://flagcdn.com/gq.svg"
  },
  {
    "name": "Eritrea",
    "phone_code": "+291",
    "code": "ER",
    "flag": "https://flagcdn.com/er.svg"
  },
  {
    "name": "Estonia",
    "phone_code": "+372",
    "code": "EE",
    "flag": "https://flagcdn.com/ee.svg"
  },
  {
    "name": "Eswatini",
    "phone_code": "+268",
    "code": "SZ",
    "flag": "https://flagcdn.com/sz.svg"
  },
  {
    "name": "Ethiopia",
    "phone_code": "+251",
    "code": "ET",
    "flag": "https://flagcdn.com/et.svg"
  },
  {
    "name": "Fiji",
    "phone_code": "+679",
    "code": "FJ",
    "flag": "https://flagcdn.com/fj.svg"
  },
  {
    "name": "Finland",
    "phone_code": "+358",
    "code": "FI",
    "flag": "https://flagcdn.com/fi.svg"
  },
  {
    "name": "France",
    "phone_code": "+33",
    "code": "FR",
    "flag": "https://flagcdn.com/fr.svg"
  },
  {
    "name": "Gabon",
    "phone_code": "+241",
    "code": "GA",
    "flag": "https://flagcdn.com/ga.svg"
  },
  {
    "name": "Gambia",
    "phone_code": "+220",
    "code": "GM",
    "flag": "https://flagcdn.com/gm.svg"
  },
  {
    "name": "Georgia",
    "phone_code": "+995",
    "code": "GE",
    "flag": "https://flagcdn.com/ge.svg"
  },
  {
    "name": "Germany",
    "phone_code": "+49",
    "code": "DE",
    "flag": "https://flagcdn.com/de.svg"
  },
  {
    "name": "Ghana",
    "phone_code": "+233",
    "code": "GH",
    "flag": "https://flagcdn.com/gh.svg"
  },
  {
    "name": "Greece",
    "phone_code": "+30",
    "code": "GR",
    "flag": "https://flagcdn.com/gr.svg"
  },
  {
    "name": "Grenada",
    "phone_code": "+1-473",
    "code": "GD",
    "flag": "https://flagcdn.com/gd.svg"
  },
  {
    "name": "Guatemala",
    "phone_code": "+502",
    "code": "GT",
    "flag": "https://flagcdn.com/gt.svg"
  },
  {
    "name": "Guinea",
    "phone_code": "+224",
    "code": "GN",
    "flag": "https://flagcdn.com/gn.svg"
  },
  {
    "name": "Guinea-Bissau",
    "phone_code": "+245",
    "code": "GW",
    "flag": "https://flagcdn.com/gw.svg"
  },
  {
    "name": "Guyana",
    "phone_code": "+592",
    "code": "GY",
    "flag": "https://flagcdn.com/gy.svg"
  },
  {
    "name": "Haiti",
    "phone_code": "+509",
    "code": "HT",
    "flag": "https://flagcdn.com/ht.svg"
  },
  {
    "name": "Honduras",
    "phone_code": "+504",
    "code": "HN",
    "flag": "https://flagcdn.com/hn.svg"
  },
  {
    "name": "Hungary",
    "phone_code": "+36",
    "code": "HU",
    "flag": "https://flagcdn.com/hu.svg"
  },
  {
    "name": "Iceland",
    "phone_code": "+354",
    "code": "IS",
    "flag": "https://flagcdn.com/is.svg"
  },
  {
    "name": "India",
    "phone_code": "+91",
    "code": "IN",
    "flag": "https://flagcdn.com/in.svg"
  },
  {
    "name": "Indonesia",
    "phone_code": "+62",
    "code": "ID",
    "flag": "https://flagcdn.com/id.svg"
  },
  {
    "name": "Iran",
    "phone_code": "+98",
    "code": "IR",
    "flag": "https://flagcdn.com/ir.svg"
  },
  {
    "name": "Iraq",
    "phone_code": "+964",
    "code": "IQ",
    "flag": "https://flagcdn.com/iq.svg"
  },
  {
    "name": "Ireland",
    "phone_code": "+353",
    "code": "IE",
    "flag": "https://flagcdn.com/ie.svg"
  },
  {
    "name": "Israel",
    "phone_code": "+972",
    "code": "IL",
    "flag": "https://flagcdn.com/il.svg"
  },
  {
    "name": "Italy",
    "phone_code": "+39",
    "code": "IT",
    "flag": "https://flagcdn.com/it.svg"
  },
  {
    "name": "Jamaica",
    "phone_code": "+1",
    "code": "JM",
    "flag": "https://flagcdn.com/jm.svg"
  },
  {
    "name": "Japan",
    "phone_code": "+81",
    "code": "JP",
    "flag": "https://flagcdn.com/jp.svg"
  },
  {
    "name": "Jordan",
    "phone_code": "+962",
    "code": "JO",
    "flag": "https://flagcdn.com/jo.svg"
  },
  {
    "name": "Kazakhstan",
    "phone_code": "+7",
    "code": "KZ",
    "flag": "https://flagcdn.com/kz.svg"
  },
  {
    "name": "Kenya",
    "phone_code": "+254",
    "code": "KE",
    "flag": "https://flagcdn.com/ke.svg"
  },
  {
    "name": "Kiribati",
    "phone_code": "+686",
    "code": "KI",
    "flag": "https://flagcdn.com/ki.svg"
  },
  {
    "name": "Kuwait",
    "phone_code": "+965",
    "code": "KW",
    "flag": "https://flagcdn.com/kw.svg"
  },
  {
    "name": "Kyrgyzstan",
    "phone_code": "+996",
    "code": "KG",
    "flag": "https://flagcdn.com/kg.svg"
  },
  {
    "name": "Laos",
    "phone_code": "+856",
    "code": "LA",
    "flag": "https://flagcdn.com/la.svg"
  },
  {
    "name": "Latvia",
    "phone_code": "+371",
    "code": "LV",
    "flag": "https://flagcdn.com/lv.svg"
  },
  {
    "name": "Lebanon",
    "phone_code": "+961",
    "code": "LB",
    "flag": "https://flagcdn.com/lb.svg"
  },
  {
    "name": "Lesotho",
    "phone_code": "+266",
    "code": "LS",
    "flag": "https://flagcdn.com/ls.svg"
  },
  {
    "name": "Liberia",
    "phone_code": "+231",
    "code": "LR",
    "flag": "https://flagcdn.com/lr.svg"
  },
  {
    "name": "Libya",
    "phone_code": "+218",
    "code": "LY",
    "flag": "https://flagcdn.com/ly.svg"
  },
  {
    "name": "Liechtenstein",
    "phone_code": "+423",
    "code": "LI",
    "flag": "https://flagcdn.com/li.svg"
  },
  {
    "name": "Lithuania",
    "phone_code": "+370",
    "code": "LT",
    "flag": "https://flagcdn.com/lt.svg"
  },
  {
    "name": "Luxembourg",
    "phone_code": "+352",
    "code": "LU",
    "flag": "https://flagcdn.com/lu.svg"
  },
  {
    "name": "Macao",
    "phone_code": "+853",
    "code": "MO",
    "flag": "https://flagcdn.com/mo.svg"
  },
  {
    "name": "North Macedonia",
    "phone_code": "+389",
    "code": "MK",
    "flag": "https://flagcdn.com/mk.svg"
  },
  {
    "name": "Madagascar",
    "phone_code": "+261",
    "code": "MG",
    "flag": "https://flagcdn.com/mg.svg"
  },
  {
    "name": "Malawi",
    "phone_code": "+265",
    "code": "MW",
    "flag": "https://flagcdn.com/mw.svg"
  },
  {
    "name": "Malaysia",
    "phone_code": "+60",
    "code": "MY",
    "flag": "https://flagcdn.com/my.svg"
  },
  {
    "name": "Maldives",
    "phone_code": "+960",
    "code": "MV",
    "flag": "https://flagcdn.com/mv.svg"
  },
  {
    "name": "Mali",
    "phone_code": "+223",
    "code": "ML",
    "flag": "https://flagcdn.com/ml.svg"
  },
  {
    "name": "Malta",
    "phone_code": "+356",
    "code": "MT",
    "flag": "https://flagcdn.com/mt.svg"
  },
  {
    "name": "Marshall Islands",
    "phone_code": "+692",
    "code": "MH",
    "flag": "https://flagcdn.com/mh.svg"
  },
  {
    "name": "Martinique",
    "phone_code": "+596",
    "code": "MQ",
    "flag": "https://flagcdn.com/mq.svg"
  },
  {
    "name": "Mauritania",
    "phone_code": "+222",
    "code": "MR",
    "flag": "https://flagcdn.com/mr.svg"
  },
  {
    "name": "Mauritius",
    "phone_code": "+230",
    "code": "MU",
    "flag": "https://flagcdn.com/mu.svg"
  },
  {
    "name": "Mayotte",
    "phone_code": "+262",
    "code": "YT",
    "flag": "https://flagcdn.com/yt.svg"
  },
  {
    "name": "Mexico",
    "phone_code": "+52",
    "code": "MX",
    "flag": "https://flagcdn.com/mx.svg"
  },
  {
    "name": "Micronesia",
    "phone_code": "+691",
    "code": "FM",
    "flag": "https://flagcdn.com/fm.svg"
  },
  {
    "name": "Moldova",
    "phone_code": "+373",
    "code": "MD",
    "flag": "https://flagcdn.com/md.svg"
  },
  {
    "name": "Monaco",
    "phone_code": "+377",
    "code": "MC",
    "flag": "https://flagcdn.com/mc.svg"
  },
  {
    "name": "Mongolia",
    "phone_code": "+976",
    "code": "MN",
    "flag": "https://flagcdn.com/mn.svg"
  },
  {
    "name": "Montenegro",
    "phone_code": "+382",
    "code": "ME",
    "flag": "https://flagcdn.com/me.svg"
  },
  {
    "name": "Montserrat",
    "phone_code": "+1-664",
    "code": "MS",
    "flag": "https://flagcdn.com/ms.svg"
  },
  {
    "name": "Morocco",
    "phone_code": "+212",
    "code": "MA",
    "flag": "https://flagcdn.com/ma.svg"
  },
  {
    "name": "Mozambique",
    "phone_code": "+258",
    "code": "MZ",
    "flag": "https://flagcdn.com/mz.svg"
  },
  {
    "name": "Myanmar",
    "phone_code": "+95",
    "code": "MM",
    "flag": "https://flagcdn.com/mm.svg"
  },
  {
    "name": "Namibia",
    "phone_code": "+264",
    "code": "NA",
    "flag": "https://flagcdn.com/na.svg"
  },
  {
    "name": "Nauru",
    "phone_code": "+674",
    "code": "NR",
    "flag": "https://flagcdn.com/nr.svg"
  },
  {
    "name": "Nepal",
    "phone_code": "+977",
    "code": "NP",
    "flag": "https://flagcdn.com/np.svg"
  },
  {
    "name": "Netherlands",
    "phone_code": "+31",
    "code": "NL",
    "flag": "https://flagcdn.com/nl.svg"
  },
  {
    "name": "New Zealand",
    "phone_code": "+64",
    "code": "NZ",
    "flag": "https://flagcdn.com/nz.svg"
  },
  {
    "name": "Nicaragua",
    "phone_code": "+505",
    "code": "NI",
    "flag": "https://flagcdn.com/ni.svg"
  },
  {
    "name": "Niger",
    "phone_code": "+227",
    "code": "NE",
    "flag": "https://flagcdn.com/ne.svg"
  },
  {
    "name": "Nigeria",
    "phone_code": "+234",
    "code": "NG",
    "flag": "https://flagcdn.com/ng.svg"
  },
  {
    "name": "North Macedonia",
    "phone_code": "+389",
    "code": "MK",
    "flag": "https://flagcdn.com/mk.svg"
  },
  {
    "name": "Norway",
    "phone_code": "+47",
    "code": "NO",
    "flag": "https://flagcdn.com/no.svg"
  },
  {
    "name": "Oman",
    "phone_code": "+968",
    "code": "OM",
    "flag": "https://flagcdn.com/om.svg"
  },
  {
    "name": "Pakistan",
    "phone_code": "+92",
    "code": "PK",
    "flag": "https://flagcdn.com/pk.svg"
  },
  {
    "name": "Palau",
    "phone_code": "+680",
    "code": "PW",
    "flag": "https://flagcdn.com/pw.svg"
  },
  {
    "name": "Panama",
    "phone_code": "+507",
    "code": "PA",
    "flag": "https://flagcdn.com/pa.svg"
  },
  {
    "name": "Papua New Guinea",
    "phone_code": "+675",
    "code": "PG",
    "flag": "https://flagcdn.com/pg.svg"
  },
  {
    "name": "Paraguay",
    "phone_code": "+595",
    "code": "PY",
    "flag": "https://flagcdn.com/py.svg"
  },
  {
    "name": "Peru",
    "phone_code": "+51",
    "code": "PE",
    "flag": "https://flagcdn.com/pe.svg"
  },
  {
    "name": "Philippines",
    "phone_code": "+63",
    "code": "PH",
    "flag": "https://flagcdn.com/ph.svg"
  },
  {
    "name": "Poland",
    "phone_code": "+48",
    "code": "PL",
    "flag": "https://flagcdn.com/pl.svg"
  },
  {
    "name": "Portugal",
    "phone_code": "+351",
    "code": "PT",
    "flag": "https://flagcdn.com/pt.svg"
  },
  {
    "name": "Qatar",
    "phone_code": "+974",
    "code": "QA",
    "flag": "https://flagcdn.com/qa.svg"
  },
  {
    "name": "Republic of the Congo",
    "phone_code": "+242",
    "code": "CG",
    "flag": "https://flagcdn.com/cg.svg"
  },
  {
    "name": "Romania",
    "phone_code": "+40",
    "code": "RO",
    "flag": "https://flagcdn.com/ro.svg"
  },
  {
    "name": "Russia",
    "phone_code": "+7",
    "code": "RU",
    "flag": "https://flagcdn.com/ru.svg"
  },
  {
    "name": "Rwanda",
    "phone_code": "+250",
    "code": "RW",
    "flag": "https://flagcdn.com/rw.svg"
  },
  {
    "name": "Saint Kitts and Nevis",
    "phone_code": "+1869",
    "code": "KN",
    "flag": "https://flagcdn.com/kn.svg"
  },
  {
    "name": "Saint Lucia",
    "phone_code": "+1758",
    "code": "LC",
    "flag": "https://flagcdn.com/lc.svg"
  },
  {
    "name": "Saint Vincent and the Grenadines",
    "phone_code": "+1784",
    "code": "VC",
    "flag": "https://flagcdn.com/vc.svg"
  },
  {
    "name": "Samoa",
    "phone_code": "+685",
    "code": "WS",
    "flag": "https://flagcdn.com/ws.svg"
  },
  {
    "name": "San Marino",
    "phone_code": "+378",
    "code": "SM",
    "flag": "https://flagcdn.com/sm.svg"
  },
  {
    "name": "Sao Tome and Principe",
    "phone_code": "+239",
    "code": "ST",
    "flag": "https://flagcdn.com/st.svg"
  },
  {
    "name": "Saudi Arabia",
    "phone_code": "+966",
    "code": "SA",
    "flag": "https://flagcdn.com/sa.svg"
  },
  {
    "name": "Senegal",
    "phone_code": "+221",
    "code": "SN",
    "flag": "https://flagcdn.com/sn.svg"
  },
  {
    "name": "Serbia",
    "phone_code": "+381",
    "code": "RS",
    "flag": "https://flagcdn.com/rs.svg"
  },
  {
    "name": "Seychelles",
    "phone_code": "+248",
    "code": "SC",
    "flag": "https://flagcdn.com/sc.svg"
  },
  {
    "name": "Sierra Leone",
    "phone_code": "+232",
    "code": "SL",
    "flag": "https://flagcdn.com/sl.svg"
  },
  {
    "name": "Singapore",
    "phone_code": "+65",
    "code": "SG",
    "flag": "https://flagcdn.com/sg.svg"
  },
  {
    "name": "Slovakia",
    "phone_code": "+421",
    "code": "SK",
    "flag": "https://flagcdn.com/sk.svg"
  },
  {
    "name": "Slovenia",
    "phone_code": "+386",
    "code": "SI",
    "flag": "https://flagcdn.com/si.svg"
  },
  {
    "name": "Solomon Islands",
    "phone_code": "+677",
    "code": "SB",
    "flag": "https://flagcdn.com/sb.svg"
  },
  {
    "name": "Somalia",
    "phone_code": "+252",
    "code": "SO",
    "flag": "https://flagcdn.com/so.svg"
  },
  {
    "name": "South Africa",
    "phone_code": "+27",
    "code": "ZA",
    "flag": "https://flagcdn.com/za.svg"
  },
  {
    "name": "South Korea",
    "phone_code": "+82",
    "code": "KR",
    "flag": "https://flagcdn.com/kr.svg"
  },
  {
    "name": "South Sudan",
    "phone_code": "+211",
    "code": "SS",
    "flag": "https://flagcdn.com/ss.svg"
  },
  {
    "name": "Spain",
    "phone_code": "+34",
    "code": "ES",
    "flag": "https://flagcdn.com/es.svg"
  },
  {
    "name": "Sri Lanka",
    "phone_code": "+94",
    "code": "LK",
    "flag": "https://flagcdn.com/lk.svg"
  },
  {
    "name": "Sudan",
    "phone_code": "+249",
    "code": "SD",
    "flag": "https://flagcdn.com/sd.svg"
  },
  {
    "name": "Suriname",
    "phone_code": "+597",
    "code": "SR",
    "flag": "https://flagcdn.com/sr.svg"
  },
  {
    "name": "Svalbard and Jan Mayen",
    "phone_code": "+47",
    "code": "SJ",
    "flag": "https://flagcdn.com/sj.svg"
  },
  {
    "name": "Swaziland",
    "phone_code": "+268",
    "code": "SZ",
    "flag": "https://flagcdn.com/sz.svg"
  },
  {
    "name": "Sweden",
    "phone_code": "+46",
    "code": "SE",
    "flag": "https://flagcdn.com/se.svg"
  },
  {
    "name": "Switzerland",
    "phone_code": "+41",
    "code": "CH",
    "flag": "https://flagcdn.com/ch.svg"
  },
  {
    "name": "Syria",
    "phone_code": "+963",
    "code": "SY",
    "flag": "https://flagcdn.com/sy.svg"
  },
  {
    "name": "Taiwan",
    "phone_code": "+886",
    "code": "TW",
    "flag": "https://flagcdn.com/tw.svg"
  },
  {
    "name": "Tajikistan",
    "phone_code": "+992",
    "code": "TJ",
    "flag": "https://flagcdn.com/tj.svg"
  },
  {
    "name": "Tanzania",
    "phone_code": "+255",
    "code": "TZ",
    "flag": "https://flagcdn.com/tz.svg"
  },
  {
    "name": "Thailand",
    "phone_code": "+66",
    "code": "TH",
    "flag": "https://flagcdn.com/th.svg"
  },
  {
    "name": "Timor-Leste",
    "phone_code": "+670",
    "code": "TL",
    "flag": "https://flagcdn.com/tl.svg"
  },
  {
    "name": "Togo",
    "phone_code": "+228",
    "code": "TG",
    "flag": "https://flagcdn.com/tg.svg"
  },
  {
    "name": "Tokelau",
    "phone_code": "+690",
    "code": "TK",
    "flag": "https://flagcdn.com/tk.svg"
  },
  {
    "name": "Tonga",
    "phone_code": "+676",
    "code": "TO",
    "flag": "https://flagcdn.com/to.svg"
  },
  {
    "name": "Trinidad and Tobago",
    "phone_code": "+1868",
    "code": "TT",
    "flag": "https://flagcdn.com/tt.svg"
  },
  {
    "name": "Tunisia",
    "phone_code": "+216",
    "code": "TN",
    "flag": "https://flagcdn.com/tn.svg"
  },
  {
    "name": "Turkey",
    "phone_code": "+90",
    "code": "TR",
    "flag": "https://flagcdn.com/tr.svg"
  },
  {
    "name": "Turkmenistan",
    "phone_code": "+993",
    "code": "TM",
    "flag": "https://flagcdn.com/tm.svg"
  },
  {
    "name": "Turks and Caicos Islands",
    "phone_code": "+1649",
    "code": "TC",
    "flag": "https://flagcdn.com/tc.svg"
  },
  {
    "name": "Tuvalu",
    "phone_code": "+688",
    "code": "TV",
    "flag": "https://flagcdn.com/tv.svg"
  },
  {
    "name": "Uganda",
    "phone_code": "+256",
    "code": "UG",
    "flag": "https://flagcdn.com/ug.svg"
  },
  {
    "name": "Ukraine",
    "phone_code": "+380",
    "code": "UA",
    "flag": "https://flagcdn.com/ua.svg"
  },
  {
    "name": "United Arab Emirates",
    "phone_code": "+971",
    "code": "AE",
    "flag": "https://flagcdn.com/ae.svg"
  },
  {
    "name": "United Kingdom",
    "phone_code": "+44",
    "code": "GB",
    "flag": "https://flagcdn.com/gb.svg"
  },
  {
    "name": "United States",
    "phone_code": "+1",
    "code": "US",
    "flag": "https://flagcdn.com/us.svg"
  },
  {
    "name": "United States Minor Outlying Islands",
    "phone_code": "+1",
    "code": "UM",
    "flag": "https://flagcdn.com/um.svg"
  },
  {
    "name": "Uruguay",
    "phone_code": "+598",
    "code": "UY",
    "flag": "https://flagcdn.com/uy.svg"
  },
  {
    "name": "Uzbekistan",
    "phone_code": "+998",
    "code": "UZ",
    "flag": "https://flagcdn.com/uz.svg"
  },
  {
    "name": "Vanuatu",
    "phone_code": "+678",
    "code": "VU",
    "flag": "https://flagcdn.com/vu.svg"
  },
  {
    "name": "Vatican City",
    "phone_code": "+379",
    "code": "VA",
    "flag": "https://flagcdn.com/va.svg"
  },
  {
    "name": "Venezuela",
    "phone_code": "+58",
    "code": "VE",
    "flag": "https://flagcdn.com/ve.svg"
  },
  {
    "name": "Vietnam",
    "phone_code": "+84",
    "code": "VN",
    "flag": "https://flagcdn.com/vn.svg"
  },
  {
    "name": "Wallis and Futuna",
    "phone_code": "+681",
    "code": "WF",
    "flag": "https://flagcdn.com/wf.svg"
  },
  {
    "name": "Western Sahara",
    "phone_code": "+212",
    "code": "EH",
    "flag": "https://flagcdn.com/eh.svg"
  },
  {
    "name": "Yemen",
    "phone_code": "+967",
    "code": "YE",
    "flag": "https://flagcdn.com/ye.svg"
  },
  {
    "name": "Zambia",
    "phone_code": "+260",
    "code": "ZM",
    "flag": "https://flagcdn.com/zm.svg"
  },
  {
    "name": "Zimbabwe",
    "phone_code": "+263",
    "code": "ZW",
    "flag": "https://flagcdn.com/zw.svg"
  },
  {
    "name": "Åland Islands",
    "phone_code": "+358",
    "code": "AX",
    "flag": "https://flagcdn.com/ax.svg"
  },
  {
    "name": "Cocos (Keeling) Islands",
    "phone_code": "+61",
    "code": "CC",
    "flag": "https://flagcdn.com/cc.svg"
  },
  {
    "name": "Cook Islands",
    "phone_code": "+682",
    "code": "CK",
    "flag": "https://flagcdn.com/ck.svg"
  },
  {
    "name": "Niue",
    "phone_code": "+683",
    "code": "NU",
    "flag": "https://flagcdn.com/nu.svg"
  },
  {
    "name": "Norfolk Island",
    "phone_code": "+672",
    "code": "NF",
    "flag": "https://flagcdn.com/nf.svg"
  },
  {
    "name": "North Macedonia",
    "phone_code": "+389",
    "code": "MK",
    "flag": "https://flagcdn.com/mk.svg"
  }
]